"rank","county","per_capita_income","population","region"
2,"DuPage",38931,933736,2
3,"Lake",38459,703910,2
32,"McHenry",33118,46045,4
44,"Monroe",33059,33879,5
67,"Piatt",31750,16387,4
16,"Kendall",31110,123355,2
4,"Will",30791,687263,2
8,"McLean",30728,266209,5
5,"Kane",30645,530847,2
90,"Sangamon",30594,7032,4
